count	brackets	text_preview
655	31-50,51-75,76-100	Also, projections of any evaluation of effectiveness to future periods are subject to the risk that
323	21-30	Our audits also included performing such other procedures as we considered necessary in the circumst
178	31-50,51-75,76-100	We also have audited, in accordance with the standards of the Public Company Accounting Oversight Bo
125	21-30	Addressing the matter involved performing procedures and evaluating audit evidence in connection wit
116	21-30,31-50,51-75,76-100	Table of Contents                                Index to Financial StatementsCOMBINED NOTES TO FINA
93	21-30,31-50,51-75,76-100	Table of ContentsCombined Notes to Consolidated Financial Statements(Dollars in millions, except per
92	21-30,31-50,51-75,76-100	Table of Contents                                Index to Financial Statements        COMBINED MANAG
89	21-30,31-50,51-75,76-100	Table of ContentsDOVER CORPORATIONNOTES TO CONSOLIDATED FINANCIAL STATEMENTS(Amounts in thousands ex
82	21-30,31-50,51-75,76-100	Table of Contents MANAGEMENT'S DISCUSSION AND ANALYSIS OF FINANCIAL CONDITION AND RESULTS OF OPERATI
77	76-100	Our audits included performing procedures to assess the risks of material misstatement of the financ
74	21-30,31-50,51-75,76-100	Management's Discussion and Analysis of Financial Condition and Results of Operations  The following
74	31-50,51-75,76-100	The following are the primary procedures we performed to address this critical audit matter. We eval
73	21-30,31-50,51-75,76-100	Table of ContentsNotes to Consolidated Financial Statements — (Continued)Becton, Dickinson and Compa
72	21-30,31-50,51-75,76-100	MANAGEMENT'S DISCUSSION AND ANALYSIS OF FINANCIAL CONDITION AND RESULTS OF OPERATIONS  The following
68	21-30	Our audit also included performing such other procedures as we considered necessary in the circumsta
67	11-20,21-30,31-50,51-75,76-100	AND SUBSIDIARIESNOTES TO CONSOLIDATED FINANCIAL STATEMENTS (Continued)8. INSURANCE CLAIM RESERVES (C
66	21-30,31-50,51-75,76-100	AND SUBSIDIARIESDIGITAL REALTY TRUST, L.P. AND SUBSIDIARIESNOTES TO CONSOLIDATED FINANCIAL STATEMENT
66	21-30,31-50,76-100	Those standards require that we plan and perform the audit to obtain reasonable assurance about whet
62	21-30,31-50,51-75,76-100	THE CHARLES SCHWAB CORPORATIONNotes to Consolidated Financial Statements(Tabular Amounts in Millions
58	76-100	Our audits included performing procedures to assess the risks of material misstatement of the consol
57	21-30,31-50,51-75,76-100	Table of ContentsHEWLETT PACKARD ENTERPRISE COMPANY AND SUBSIDIARIESNotes to Consolidated Financial
53	21-30	Basis for Opinion  These financial statements are the responsibility of the Company's management. Ou
47	31-50,51-75	Because of its inherent limitations, internal control over financial reporting may not prevent or de
44	31-50,51-75	c) Based on observable market transactions of spot currency rates and forward currency prices. ( d)
42	31-50	All internal control systems, no matter how well designed, have inherent limitations. Therefore, eve
40	21-30	In making this assessment, management used the criteria in Internal Control—Integrated Framework (20
40	21-30	Management has determined it meets the criteria for the application of regulated operations accounti
40	31-50,51-75,76-100	Products are marketed domestically to food retailers, foodservice distributors, restaurant operators
40	31-50	The Company's year-to-year changes are driven by, and are based on, observed events during the year.
40	31-50	Upon updates in material regulatory and legislative proceedings, where applicable, management will r
37	51-75	Basis for Opinions  The Company's management is responsible for these consolidated financial stateme
36	11-20	This information includes recent plan experience, plan design, overall industry experience and proje
36	21-30,31-50,51-75	See Note 3 — Regulatory Matters of the Combined Notes to Consolidated Financial Statements for addit
36	21-30,31-50,51-75,76-100	THE CHARLES SCHWAB CORPORATIONManagement's Discussion and Analysis of Financial Condition and Result
36	31-50	SIGNATURES  Pursuant to the requirements of Section 13 or 15(d) of the Securities Exchange Act of 19
34	11-20,21-30,31-50,51-75,76-100	AND SUBSIDIARIES Management's Discussion and Analysis ofFinancial Condition and Results of Operation
33	31-50,51-75,76-100	Table of ContentsSimon Property Group, Inc.Simon Property Group, L.P.Notes to Consolidated Financial
33	51-75	Basis for Opinion  The Company's management is responsible for maintaining effective internal contro
32	21-30,31-50,51-75,76-100	Table of ContentsHEWLETT PACKARD ENTERPRISE COMPANY AND SUBSIDIARIESManagement's Discussion and Anal
32	21-30,31-50,51-75,76-100	Table of ContentsAbbott Laboratories and SubsidiariesNotes to Consolidated Financial Statements (Con
32	51-75	Internal control over financial reporting is a process designed to provide reasonable assurance rega
31	76-100	We evaluate the useful lives of our other intangible assets, mainly brands, to determine if they are
30	21-30	The majority of market inputs are actively quoted and can be validated through external sources, inc
30	21-30	The Company's performance obligations include various distinct goods and services such as hardware,
30	21-30,31-50,51-75	(a)    Regulatory assets and liabilities are excluded from rate base unless otherwise noted. (b)
30	31-50	For more information on the reconciling items, please refer to the Significant Items Impacting Compa
30	31-50,51-75	We identified the impact of rate regulation as a critical audit matter due to the significant judgme
29	21-30	Principles of Consolidation  The consolidated financial statements include the accounts of the Compa
29	21-30,31-50,51-75,76-100	NOTES TO CONSOLIDATED FINANCIAL STATEMENTS — (Continued)(Tabular dollars in millions, except per sha
29	21-30,51-75,76-100	These procedures included testing the effectiveness of controls relating to the revenue recognition
28	21-30,31-50	Change in Accounting Principle  As discussed in Note 1 to the consolidated financial statements, the
27	11-20,21-30,31-50,51-75,76-100	AND SUBSIDIARIESNOTES TO CONSOLIDATED FINANCIAL STATEMENTS (Continued)1. SUMMARY OF SIGNIFICANT ACCO
27	21-30,31-50,51-75,76-100	AND SUBSIDIARIESNOTES TO CONSOLIDATED FINANCIAL STATEMENTS (Continued)15. PENSION PLANS, RETIREMENT
27	51-75	We have accounted for this transaction as a business combination and allocated the purchase consider
26	11-20,21-30,31-50,51-75,76-100	Goldman Sachs 2021 Form 10-K  THE GOLDMAN SACHS GROUP, INC. AND SUBSIDIARIES  Management's Discussio
26	21-30,31-50,51-75,76-100	Our lease agreements do not contain any material residual value guarantees or material restrictive c
25	21-30	Interests of consolidated subsidiaries held by third parties. Notional principal amount. The princip
25	21-30,31-50,51-75,76-100	"Management's Discussion and Analysis of Results of Operations and Financial Condition"" of this Annua"
25	21-30,31-50,51-75	Fair value is defined as the price that would be received to sell an asset or paid to transfer a lia
25	31-50,51-75,76-100	The legislation authorizes the government to file a direct action against cigarette manufacturers to
25	51-75	The funds withheld payable contains an embedded derivative and changes in fair value of the embedded
24	21-30	The Company's investment strategy with respect to plan assets is to achieve a long-term growth of ca
24	31-50	Many products we sell are branded to the consumer and nearly all are branded to our customers. We se
24	31-50	Significant judgment can be required to determine if otherwise recognizable incurred costs qualify t
24	31-50	In addition, the audit effort involved the use of professionals with specialized skill and knowledge
24	76-100	These procedures included testing the effectiveness of controls relating to management's evaluation
23	21-30,31-50,76-100	We base our estimates on historical experience and on various other assumptions that we believe to b
23	21-30	Therefore, even those systems determined to be effective can provide only reasonable assurance with
23	21-30,31-50,51-75,76-100	​  Table of ContentsIndex to Financial StatementsDIGITAL REALTY TRUST, INC. AND SUBSIDIARIESDIGITAL
22	11-20	We are subject to federal income taxes in the United States as well as various state, local, and for
22	11-20	The Audit Committee also appointed KPMG LLP to serve as the Company's independent registered public
22	11-20	Separate groups of employees have similar historical exercise behavior and therefore were aggregated
22	11-20	Guidelines, procedures, and practices that we are required to use in recording and reporting account
22	11-20	Other costs include depreciation and maintenance of research facilities, including assets at facilit
22	11-20	STOCK PLANS We use broad-based stock plans to help ensure that management's interests are aligned wi
22	11-20	Our review is based on data we collect about our health care claims experience and information provi
22	11-20,21-30	Failure to meet those covenants beyond applicable grace periods could result in accelerated due date
22	21-30	Differences between estimated and actual reductions to the transaction price are recognized as a cha
22	21-30	"See ""Note 1: Basis of Presentation and Summary of Accounting Principles"" within Item 8 of this Form"
22	21-30,31-50,51-75,76-100	Any of these risks might have a materially adverse impact on our business operations and our financi
22	21-30	Under certain circumstances, we also provide accruable benefits, primarily severance, to former or i
22	21-30	Supply chain input costs. Costs incurred to produce and deliver product, including costs for ingredi
22	21-30	The aggregate unrealized gains and losses on available for sale debt securities, net of tax effects,
22	21-30	EQUITY INSTRUMENTS Equity price movements affect our compensation expense as certain investments mad
22	21-30	Inventories outside of the United States are generally valued at the lower of cost, using the first-
22	21-30	We estimate the value of stock option grants using a Black-Scholes valuation model. Generally, stock
22	21-30	Net debt. Long-term debt, current portion of long-term debt, and notes payable, less cash and cash e
22	21-30,31-50,51-75	Many of the companies with which we compete for experienced personnel have greater resources than we
22	21-30	The act of determining a value for financial instruments, commodity contracts, and related assets or
22	21-30,76-100	The risk-free interest rate is based on the U.S. Treasury yield curve in effect at the time of grant
22	21-30	We match a percentage of employee contributions to the General Mills Savings Plan. The Company match
22	21-30	The number of years with open tax audits varies depending on the tax jurisdiction. Our major taxing
22	21-30	These transactions may expose us to potential losses due to the risk of nonperformance by these coun
22	21-30	Effectiveness is assessed based on either the perfectly effective hypothetical derivative method or
22	21-30	Postemployment Benefit Plans Under certain circumstances, we also provide accruable benefits, primar
22	21-30,31-50	We have no economic interest in these financing arrangements and no direct relationship with the sup
22	21-30	Earnings before interest, taxes, depreciation and amortization (EBITDA). The calculation of earnings
22	21-30	The statements have been prepared in accordance with accounting principles that are generally accept
22	21-30	We are not able to reasonably estimate the timing of future cash flows beyond 12 months due to uncer
22	21-30	To estimate our allowance for doubtful accounts, we leverage information on historical losses, asset
22	21-30	We continually monitor our positions and the credit ratings of the counterparties involved and, by p
22	21-30	This plan is a 401(k) savings plan that includes a number of investment funds, including a Company s
22	21-30	Our audits also included performing such other procedures as we considered necessary in the circumst
22	21-30	Company-wide initiative to use productivity savings, mix management, and price realization to offset
22	21-30	Benefits for salaried employees are based on length of service and final average compensation. Benef
22	21-30,51-75,76-100	Personal lines include automobile and homeowners' insurance, extended warranty, and consumer special
22	21-30	The significant assumptions used to estimate fair value include revenue growth and profitability, ro
22	21-30	RETIREMENT BENEFITS AND POSTEMPLOYMENT BENEFITS Defined Benefit Pension Plans We have defined benefi
22	21-30	We adjust these liabilities, as well as the related interest, in light of changing facts and circums
22	21-30,31-50	Various tax examinations by United States state taxing authorities could be conducted for any open t
22	21-30	ITEM 8 - Financial Statements and Supplementary Data  REPORT OF MANAGEMENT RESPONSIBILITIES  The man
22	31-50	The defined benefit pension plan and other postretirement benefit plan portfolios are broadly divers
22	31-50	Our expected term represents the period of time that options granted are expected to be outstanding
22	31-50	Stock-based Compensation We generally measure compensation expense for grants of restricted stock un
22	31-50	The Audit Committee reviewed and approved the Company's annual financial statements. The Audit Commi
22	31-50	Total debt. Notes payable and long-term debt, including current portion. The impact of the conversio
22	31-50	Sales, use, value-added, and other excise taxes are not included in revenue. Trade promotions are re
22	31-50	Shipping costs associated with the distribution of finished product to our customers are recorded as
22	31-50	Net cash provided by operating activities, divided by net earnings, including earnings attributable
22	31-50	Receivables from customers generally do not bear interest. Payment terms and collection patterns var
22	31-50	Purchases under the authorization can be made in the open market or in privately negotiated transact
22	31-50	Liabilities for anticipated remediation costs are recorded on an undiscounted basis when they are pr
22	31-50	Land, Buildings, Equipment, and Depreciation Land is recorded at historical cost. Buildings and equi
22	31-50	STOCKHOLDERS' EQUITY Cumulative preference stock of 5.0 million shares, without par value, is author
22	31-50	These audits included a review of our determinations of amortization of certain goodwill arising fro
22	31-50	Asset groups have identifiable cash flows and are largely independent of other asset groups. Measure
22	31-50	Our allowance for doubtful accounts represents our estimate of expected credit losses related to our
22	31-50	Also, projections of any evaluation of effectiveness to future periods are subject to the risk that
22	31-50	Net price realization. The impact of list and promoted price changes, net of trade and other price p
22	31-50	We do not have material contract assets or liabilities arising from our contracts with customers. En
22	31-50,51-75	We have adopted a Code of Conduct applicable to all employees, including our principal executive off
22	31-50	No customer other than Walmart accounted for 10 percent or more of our consolidated net sales. We en
22	31-50	Although we do not meet the criteria for cash flow hedge accounting, we believe that these instrumen
22	31-50	4.2First Supplemental Indenture, dated as of May 18, 2009, between the Company and U.S. Bank Nationa
22	31-50	As most of our lease arrangements do not provide an implicit interest rate, we apply an incremental
22	31-50	Net cash provided by operating activities less purchases of land, buildings, and equipment . Free ca
22	31-50	2 to the Protocol of Cereal Partners Worldwide, dated March 16, 1993, between the Company and Nestle
22	31-50	We offer certain suppliers access to third-party services that allow them to view our scheduled paym
22	31-50	5, effective as April 1, 2000, to the Protocol of Cereal Partners Worldwide between the Company and
22	31-50	Foreign Currency Translation For all significant foreign operations, the functional currency is the
22	31-50	Other Postretirement Benefit Plans We also sponsor plans that provide health care benefits to many o
22	31-50	The weighted-average expected term for all employee groups is presented in the table above. The risk
22	31-50	3 to the Protocol of Cereal Partners Worldwide, effective as of March 15, 1993, between the Company
22	31-50	10 to the Protocol of Cereal Partners Worldwide, effective January 1, 2010, among the Company, Nestl
22	31-50	Our estimates of fair value are determined based on a discounted cash flow model. Growth rates for s
22	31-50	Account balances are written off against the allowance when we deem the amount is uncollectible. Ple
22	31-50	Our funding policy is consistent with the requirements of applicable laws. We made no voluntary cont
22	31-50	Our North America Foodservice segment consists of foodservice businesses in the United States and Ca
22	31-50,51-75,76-100	Certain equity-based compensation plans contain provisions that accelerate vesting of awards upon re
22	31-50	We make decisions to fund related trusts for certain employees and retirees on an annual basis. We m
22	31-50	In addition, we assess our investments in our joint ventures if we have reason to believe an impairm
22	31-50	We report the benefits of tax deductions in excess of recognized compensation cost as an operating c
22	31-50	We recognize an obligation for any of these benefits that vest or accumulate with service. Postemplo
22	31-50	A number of years may elapse before an uncertain tax position is audited and finally resolved. While
22	51-75,76-100	Our results of operations may be adversely affected if our assumptions change or if actual circumsta
22	51-75	RISK MANAGEMENT ACTIVITIES As a part of our ongoing operations, we are exposed to market risks such
22	51-75	INVESTMENTS IN UNCONSOLIDATED JOINT VENTURES We have a 50 percent interest in Cereal Partners Worldw
22	51-75	/s/ J. L. Harmening /s/ K. A. Bruce J. L. Harmening K. A. Bruce Chief Executive Officer Chief Financ
22	51-75	We manage our exposures through a combination of purchase orders, long-term contracts with suppliers
22	51-75	Our discount rate assumptions are determined annually as of May 31 for our defined benefit pension,
22	51-75	Inventories All inventories in the United States other than grain are valued at the lower of cost, u
22	51-75	Our International operating segment consists of retail and foodservice businesses outside of the Uni
22	51-75	Long-lived assets are reviewed for impairment whenever events or changes in circumstances indicate t
22	51-75	Our principal U.S. retirement plan covering salaried employees has a provision that any excess pensi
22	51-75	We identified the assessment of the valuation of certain goodwill and brand intangible assets as a c
22	51-75	Translation adjustments are reflected within accumulated other comprehensive loss (AOCI) in stockhol
22	51-75	We have other lease arrangements that are adjusted periodically based on an inflation index or rate.
22	51-75	Information regarding our executive officers is set forth in Item 1 of this report. The information
22	51-75	DEBT NOTES PAYABLE The components of notes payable and their respective weighted-average interest ra
22	51-75	By their nature, these projections and assumptions are uncertain. If we were to determine the curren
22	51-75,76-100	Effective gains and losses deferred to AOCI are reclassified into earnings over the life of the asso
22	51-75	Advertising Production Costs We expense the production costs of advertising the first time that the
22	51-75	We work with our outside actuaries to determine the timing and amount of expected future cash outflo
22	51-75	These formally stated and regularly communicated policies demand highly ethical conduct from all emp
22	51-75	We primarily use foreign currency forward contracts to selectively hedge our foreign currency cash f
22	51-75	Fair value is measured using a discounted cash flow model or independent appraisals, as appropriate.
22	51-75	We evaluated whether these assumptions were consistent with evidence obtained in other areas of the
22	51-75	Ordinary maintenance and repairs are charged to cost of sales. Buildings are usually depreciated ove
22	51-75	Intangible assets that are deemed to have finite lives are amortized on a straight-line basis, over
22	76-100	COMMODITY PRICE RISK Many commodities we use in the production and distribution of our products are
22	76-100	CREDIT-RISK-RELATED CONTINGENT FEATURES Certain of our derivative instruments contain provisions tha
22	76-100	Our unrecognized tax benefit liability was classified in other liabilities. We report accrued intere
22	76-100	Valuation of goodwill and brand intangible assets As discussed in Note 6 to the consolidated financi
22	76-100	The financial information throughout this Annual Report on Form 10-K is consistent with our consolid
22	76-100	Description 3.1Amended and Restated Certificate of Incorporation of the Company (incorporated herein
22	76-100	Investments in Unconsolidated Joint Ventures Our investments in companies over which we have the abi
22	76-100	Many of our lease arrangements provide us with options to exercise one or more renewal terms or to t
21	11-20,31-50	We estimate the fair value of stock options granted using a lattice binomial model and a multiple op
21	21-30	Revenue is recognized on these items when the revenue recognition criteria are met, generally result
21	31-50,51-75,76-100	Management's Discussion and Analysis of Financial Condition and Results of Operations. The following
21	31-50,76-100	SIGNATURES  Pursuant to the requirements of Section 13 or 15(d) of the Securities Exchange Act of 19
21	31-50	As described in Notes 1 and 5 to the consolidated financial statements, the Company's consolidated f
20	11-20	We utilized the discounted cash flow method under the income approach to estimate the fair value of
20	11-20,21-30,31-50	In addition, the potential risk of loss with any one counterparty resulting from this type of credit
20	11-20,21-30,31-50,51-75,76-100	AND SUBSIDIARIESNOTES TO CONSOLIDATED FINANCIAL STATEMENTS (Continued)4. FAIR VALUE MEASUREMENTS (Co
20	21-30	The Company believes costs incurred closely correspond with its performance under the contract and t
20	21-30,31-50	We disagreed with the proposed adjustments and calculations and pursued resolution with the IRS appe
20	21-30,31-50,51-75	AND SUBSIDIARIESNOTES TO CONSOLIDATED FINANCIAL STATEMENTS (Continued)2. SEGMENT INFORMATION (Contin
20	21-30	If estimates of customer demand diminish further or market conditions become less favorable than tho
20	21-30	Changes in these estimates and assumptions could materially affect the fair value of the goodwill re
20	21-30,76-100	Changes in these estimates and assumptions could materially affect the fair value of the indefinite-
20	21-30	Securities can be sold in one or more separate offerings with the size, price and terms to be determ
20	21-30,31-50,51-75	These estimates and assumptions take into account historical and forward-looking factors that the Co
20	21-30	Accruals are based on developments to date; management's estimates of the outcomes of these matters;
20	21-30	The Company also offers an extensive suite of digitally connected identification, traceability and m
20	21-30	In making this assessment, it used the criteria set forth by the Committee of Sponsoring Organizatio
20	21-30	Observable selling prices from actual transactions are used whenever possible. In other instances, t
20	21-30,31-50	Remaining performance obligation estimates are subject to change and are affected by several factors
20	31-50	The below percentages for retail customer classes represent billed sales only. Total sales includes
20	31-50	In certain hardware solutions, the hardware is highly interdependent on, and interrelated with, the
20	31-50	While the Company believes a material adverse impact is unlikely, given the inherent uncertainty of
20	31-50,51-75	Election of the fair value option allows the Corporation to reduce the accounting volatility that wo
20	31-50,76-100	Regulatory assets generally represent incurred or accrued costs that have been deferred because futu
20	31-50,51-75	In addition, we are subject to the continuous examination of our income tax returns by the Internal
20	31-50,51-75	CPR = Constant Prepayment RateCDR = Constant Default RateMMBtu = Million British thermal unitsIR = I
20	51-75,76-100	The Company engages an outside expert to develop an actuarial estimate of its expected costs to reso
19	21-30	"These contracts meet the characteristics of derivative instruments, but generally qualify for the ""n"
19	21-30,31-50	The Company has not sustained material credit losses from instruments held at these financial instit
19	21-30,31-50,51-75	These competitive pressures in our market or our failure to compete effectively may result in price
19	31-50,51-75,76-100	Use of Estimates  The preparation of financial statements in conformity with U.S. GAAP requires mana
19	31-50,51-75	We review our tax positions quarterly and adjust the balances as new information becomes available.
19	51-75	The fair value of the indefinite-lived trade names is generally estimated using discounted cash flow
19	51-75,76-100	The risks and uncertainties described below are not the only ones we face. Additional risks and unce
18	21-30	The standard is effective for annual reporting periods beginning after December 15, 2022, including
18	21-30	The expansion of our existing international operations and entry into additional international marke
18	21-30,31-50,51-75,76-100	We perform the day-to-day accounting and property management functions for the joint venture and, as
18	21-30	If any of these costs are not recoverable, it could reduce future net income and cash flows and impa
18	21-30,31-50	Reimbursements received for out-of-pocket expenses are generally recorded as a component of revenue.
18	21-30	The market data were drawn from the RiskMetrics™ data set. The calculations are not intended to repr
18	21-30,31-50	The fair value amounts presented in this table are intended to permit reconciliation of the fair val
18	21-30	The reorganization will not have a material impact on the consolidated balance sheets of AIG or our
18	21-30	ITEM 7A - QUANTITATIVE AND QUALITATIVE DISCLOSURES ABOUT MARKET RISK  We are exposed to market risk
18	31-50	The VAR calculation used historical interest and foreign exchange rates, and commodity and equity pr
18	31-50	The counterparties in these transactions are generally highly rated institutions. We establish credi
18	31-50	The table below presents the estimated maximum potential VAR arising from a one-day loss in fair val
18	31-50	Pursuant to the requirements of the Securities Exchange Act of 1934, this report has been signed bel
18	31-50	Assets are recognized at fair value and are primarily classified within Level 2 of the fair value hi
18	31-50,51-75,76-100	In conjunction with the bankruptcy filing, AIGFP and its consolidated subsidiaries were deconsolidat
18	31-50	Historically, the one-year change in the reserve estimate for this product line over the last nine y
18	31-50	The positions included in the calculations were: debt; investments; interest rate swaps; foreign exc
18	31-50	Changes in these factors could cause fluctuations in our earnings and cash flows. In the normal cour
18	31-50	Further, since the hedging instrument (the derivative) inversely correlates with the underlying expo
18	31-50	"In connection with the ""safe harbor"" provisions of the Private Securities Litigation Reform Act of 1"
18	31-50,76-100	In addition, changes by any rating agency to our credit rating may negatively impact the value and l
18	31-50	The market value of our common stock is calculated using the closing price of our common stock on th
18	31-50,76-100	See Reconciliation of Taxable-Equivalent Net Interest Income in this Statistical Information section
18	51-75	These contracts are not designated for hedge accounting and most expire within three years or less.
18	51-75	For information on interest rate, foreign exchange, commodity price, and equity instrument risk, ple
18	76-100	In general, these awards vest ratably over a three-year period from the date of grant. Certain award
17	21-30	Prior-year amounts have been adjusted for the adoption of accounting guidance on January 1, 2023 rel
17	21-30	Future changes in judgment related to the expected ultimate resolution of uncertain tax positions wi
17	21-30	In addition, responding to any action will likely result in a significant diversion of management's
17	21-30	We financed the transaction with U.S. commercial paper. We consolidated the TNT Crust business into
17	21-30	The goodwill is included in the North America Foodservice segment and is not deductible for tax purp
17	21-30	We use derivatives to manage our exposure to changes in commodity prices. We do not perform the asse
17	21-30,31-50,51-75	Change in Accounting Principle  As discussed in Note 2 to the consolidated financial statements, the
17	21-30,31-50	Goodwill represents the excess of the purchase price paid over the fair value of the net assets acqu
17	31-50,51-75	In December 2023, the FASB issued ASU 2023-09, Income Taxes (Topic 740): Improvements to Income Tax
17	31-50,51-75	Classification as a regulatory asset or liability is based on commission approved regulatory recover
17	31-50	The discount rate for each plan was derived by reference to appropriate benchmark yields on high qua
17	31-50	Tangible products represent a large majority of the delivered items in contracts with multiple perfo
17	31-50	Our stock-based compensation expense is recorded in selling, general , and administrative (SG&A) exp
17	31-50	Assets generally have identifiable cash flows and are largely independent of other assets. Measureme
17	31-50	The variability in pleadings in multiple jurisdictions, together with the actual experience of manag
17	31-50,51-75	During the first quarter of fiscal 2023, we completed the sale of our Helper main meals and Suddenly
17	31-50	(d)  Includes stock options, restricted stock, restricted stock units, shares of unrestricted stock,
17	31-50	We have guaranteed a portion of CPW's debt and its pension obligation in the United Kingdom. We also
17	31-50	Adjusted diluted EPS. Diluted EPS adjusted for certain items affecting year-to-year comparability. A
17	31-50,51-75	On August 16, 2022, the Inflation Reduction Act (IRA) was signed into law. The IRA introduces a Corp
17	31-50,51-75	Changes in circumstances, such as an unexpected material adverse change in a major customer's abilit
17	31-50	We sponsor another money purchase plan for certain domestic hourly employees with net assets of $19.
17	31-50	The fair value estimates are derived from discounted cash flow analyses that require the Company to
17	31-50	Accounts receivable plus inventories less accounts payable, all as of the last day of our fiscal yea
17	31-50,51-75,76-100	Fair value determinations require considerable judgment and are sensitive to changes in underlying a
17	31-50,51-75,76-100	Financial Statements and Supplementary Data  NOTE 4. Stock Plans and Share-Based Compensation, conti
17	51-75	Our product categories in this business segment include ready-to-eat cereals, refrigerated yogurt, s
17	51-75	Contributions and Future Benefit Payments We do not expect to be required to make contributions to o
17	51-75	(b) Net fair value as recorded in our Consolidated Balance Sheets. (c) Fair value of assets that cou
17	51-75	Hedge accounting. Accounting for qualifying hedges that allows changes in a hedging instrument's fai
17	51-75	Our finite-lived intangible assets, primarily acquired customer relationships, are reviewed for impa
17	51-75	We have no collateral held against these contracts. Under the terms of our swap agreements, some of
17	51-75	Estimated benefit payments, which reflect expected future service, as appropriate, are expected to b
17	51-75,76-100	Responsibilities include business strategy, product design, product management and development, manu
17	51-75	We also have net investments in foreign subsidiaries that are denominated in euros. We hedged a port
17	76-100	ITEM 13 - Certain Relationships and Related Transactions, and Director Independence  The information
17	76-100	Incurred Losses and Allocated Loss Adjustment Expenses, Undiscounted and Net of Reinsurance  Incurre
16	21-30,51-75,76-100	In addition, job candidates and existing employees often consider the value of the equity awards the
16	21-30	Accordingly, the changes in the values of these derivatives are recorded currently in cost of sales
16	21-30,31-50,51-75	Special items are matters that management believes are not representative of the underlying results
16	21-30	Organic net sales growth. Net sales growth adjusted for foreign currency translation, as well as acq
16	21-30	The goodwill is included in the Pet reporting unit and is deductible for tax purposes. The pro forma
16	21-30	We intend to post on our website any amendments to our Code of Conduct and any waivers from our Code
16	21-30	Please see Note 3 to the Consolidated Financial Statements. Up to the date of the divestiture, Sodia
16	21-30,31-50	Goodwill is considered impaired if the carrying value of the reporting unit exceeds its fair value.
16	21-30	As a result of these reorganizations, costs associated with these functions are no longer included i
16	21-30	Notes payable, long-term debt, including current portion, cash and cash equivalents, and certain int
16	21-30	Other than the estimation of the probability of funding, this reserve is estimated in a manner simil
16	21-30	Recent COVID-19 related events have caused disruption in claims frequency and severity as well as re
16	21-30	Model changes and updates, as well as market strength and product acceptance, are monitored and adju
16	21-30	As a result, we have been assessed additional state sales taxes, interest, and penalties. We believe
16	21-30	See Our sales depend on coverage and reimbursement from government and commercial third-party payers
16	31-50,76-100	Realized gains and losses, which were determined on a specific identification basis, from sales of F
16	31-50	Net mark-to-market valuation of certain commodity positions. Realized and unrealized gains and losse
16	31-50	LEASES Our lease portfolio primarily consists of operating lease arrangements for certain warehouse
16	31-50	Our subscription model also makes it difficult for us to rapidly increase our revenue through additi
16	31-50	Our International segment also includes products manufactured in the United States for export, mainl
16	31-50	Signatures  Pursuant to the requirements of Section 13 or 15(d) of the Securities Exchange Act of 19
16	31-50	Each restructuring action normally takes one to two years to complete. At completion (or as each maj
16	31-50	Senior Notes rank pari passu in right of payment with all other present and future unsecured debt wh
16	31-50	Intercompany transactions and accounts, including any noncontrolling and redeemable interests' share
16	31-50	Plaintiff seeks reimbursement for the cost of treating alleged smoking-related diseases for the past
16	31-50	Costs incurred related to our restructuring initiatives not included in restructuring charges. Inter
16	31-50	The deferred tax benefit derived from the amortization of our intellectual property is based on the
16	31-50	(1)Amounts represent the impact of legally enforceable master netting agreements and also cash colla
16	31-50,76-100	Certain reclassifications to our previously reported financial information have been made to conform
16	31-50	Incurred Losses and Allocated Loss Adjustment Expenses, Undiscounted and Net of Reinsurance*  *The l
16	31-50	An operating segment or a business one level below an operating segment. A company-wide capability f
16	51-75	We believe we have meritorious defenses and intend to continue to contest the disallowance for all y
16	51-75	During the third quarter of fiscal 2022, we sold our interests in Yoplait SAS, Yoplait Marques SNC,
16	51-75	During the third quarter of fiscal 2022, we completed the sale of our interests in Yoplait SAS, Yopl
16	51-75	c) Publicly traded common stocks in energy, real estate, and infrastructure for the purpose of total
16	51-75	Allowance for Unfunded Lending Related Commitments  We maintain the allowance for unfunded lending r
16	51-75,76-100	Operating profit for these segments excludes unallocated corporate items, gain or loss on divestitur
16	51-75	Human health vaccine products consist of preventive pediatric, adolescent and adult vaccines. The Co
16	51-75	FOREIGN EXCHANGE RISK Foreign currency fluctuations affect our net investments in foreign subsidiari
16	51-75	These activities result in various restructuring costs, including asset write-offs, exit charges inc
16	76-100	We estimate our future stock price volatility using the historical volatility over the expected term
16	76-100	(d) Insurance and annuity contracts to provide a stable stream of income for pension retirees. Fair
16	76-100	Management contract or compensatory plan or arrangement required to be filed as an exhibit pursuant
16	76-100	Our Pet operating segment includes pet food products sold primarily in the United States and Canada
15	11-20,21-30	The Company believes that it has provided adequate reserves related to all matters contained in tax
15	11-20	We are exposed to the volatility in the market price of RINs. We cannot predict the future prices of
15	11-20	Commodity trading contracts are recorded at fair market value and commodity trading results include
15	11-20	The terms of currency instruments used for hedging purposes are generally consistent with the timing
15	11-20	The primary income measure used for assessing segment performance and making operating decisions is
15	11-20	In addition, this segment includes sales for resale and provides wholesale transmission service to v
15	11-20,21-30	As discussed in Note 4, regulatory proceedings in recent years have focused on the recoverability of
15	11-20	Through a series of shareholder approvals, there have been amended and restated plans and new provis
15	11-20	All derivatives are associated with specific underlying exposures and the Company does not hold deri
15	11-20,51-75	The identifiable intangible assets, which primarily consisted of completed technology, have estimate
15	21-30	A change in the period of deductibility would not affect the ETR but would accelerate the payment to
15	21-30	Xcel Energy Inc. and its utility subsidiaries had no direct advances on facilities outstanding as of
15	21-30	Xcel Energy Inc. management assessed the effectiveness of Xcel Energy Inc.'s internal control over f
15	21-30	These available-for-sale investments have a low level of inherent credit risk given they are issued
15	21-30	The principal distribution method for each segment is direct sales forces, although the Company also
15	21-30	The postretirement health care plans have no funding requirements other than fulfilling benefit paym
15	21-30,31-50	The Company offers merchandise in the following core merchandise categories: foods and sundries, non
15	21-30	The Company regularly evaluates current information available to determine whether such accruals sho
15	21-30	Regulatory assets are recognized to reflect the amount of costs or earned incentives that have not y
15	21-30	In addition, the design of any control system is based in part upon certain assumptions about the li
15	21-30	This information includes revenue from products and services, revenue from reportable segments, and
15	21-30	State regulatory commissions impose dividend limitations for NSP-Minnesota, NSP-Wisconsin and SPS, w
15	21-30	All credit facility bank borrowings, outstanding letters of credit and outstanding commercial paper
15	21-30	In the event the Company leaves the reinsurance program, the Company retains its primary obligation
15	21-30,31-50	The lease term may include options to extend or to terminate the lease that the Company is reasonabl
15	21-30,51-75,76-100	Accordingly, the ranges of inputs do not represent uncertainty in, or possible ranges of, fair value
15	21-30	The Company is undergoing negotiations, and in some cases contested proceedings, relating to tax mat
15	21-30	Amortization expense is recognized on a straight-line basis and included in selling, general, and ad
15	21-30	Targeted asset allocations:  The asset allocations above reflect target allocations approved in the
15	21-30	The Company accounts for the tax impact of including Global Intangible Low-Taxed Income (GILTI) in U
15	21-30	The SERP is maintained for certain executives who participated in the plan in 2008, when the SERP wa
15	21-30	Identifiable intangibles are also subject to evaluation for potential impairment if events or circum
15	21-30	Site RemediationVarious federal and state environmental laws impose liability where hazardous substa
15	21-30,51-75,76-100	We own, develop and manage premier shopping, dining, entertainment and mixed-use destinations, which
15	21-30	Options generally vest one-third in each of the three years subsequent to grant and expire 10 years
15	21-30	The resulting remeasurement gains and losses are included in interest and other income, net in the C
15	21-30,31-50	Counterparty netting amounts presented exclude settlement receivables and payables and non-derivativ
15	21-30	Plan assets are invested consistent with the provisions of the prudence and diversification rules of
15	21-30	Share-based awards made under the plan may be subject to accelerated vesting under certain circumsta
15	21-30	The amounts ultimately recognized will differ from those presented above for open positions, which r
15	21-30	Following are changes in unrecognized tax benefits before considering recoverability of any cross-ju
15	21-30	The Company records a reduction to revenue at the time of sale to reflect the ultimate amount of con
15	21-30	Judgment is used to determine whether multiple promised goods or services in a contract should be ac
15	21-30,31-50	Food Equipment— This segment is a highly focused and branded industry leader in commercial food equi
15	21-30	Stock Repurchase Programs  The Company's stock repurchase program is conducted under a $4,000 author
15	21-30,31-50	Gains and losses on foreign currency derivatives reported in Other deductions, net reflect hedges of
15	21-30,51-75,76-100	On October 31, 2022, the Company completed the divestiture of its InSinkErator business, which manuf
15	21-30	Aggregate fair value of NSP-Minnesota's legally restricted assets, for funding future nuclear decomm
15	21-30	The Company takes certain non-income tax positions in the jurisdictions in which it operates and has
15	21-30	These utility subsidiaries serve electric and natural gas customers in portions of Colorado, Michiga
15	21-30	Under certain service agreements with third-party logistics providers, the Company directs the use o
15	21-30	When certain criteria are met, including expected collection within 24 months, revenue is recognized
15	21-30	Forfeiture rates are estimated at grant date based on historical experience and adjusted in subseque
15	21-30	Leases with an initial term of 12 months or less are classified as short-term leases and are not rec
15	21-30	Estimated future contributions take into consideration current economic conditions, which at this ti
15	21-30,31-50,51-75	The expense associated with the allowance for expected credit losses is recognized in selling, gener
15	21-30	This could include the purchase or sale of energy or energy-related products, natural gas to generat
15	21-30	In addition, even claims that ultimately are unsuccessful could result in our expenditure of funds i
15	21-30	The cost of plant retired is charged to accumulated depreciation and amortization. Amounts recovered
15	21-30	The foreign operations with the most significant effective tax rate impact are in Singapore. The sta
15	21-30	Capacity and energy payments are contingent on the IPPs meeting contract obligations, including plan
15	21-30	Retirement Plans  The Company's 401(k) retirement plan is available to all U.S. employees over the a
15	21-30	The lines of credit provide short-term financing in the form of notes payable to banks, letters of c
15	21-30	The Company also enters into variable-priced contracts for some purchases of natural gas, in additio
15	21-30	For projects where revenue is recognized over time, the Company typically uses an input method to de
15	21-30,31-50,51-75,76-100	In certain jurisdictions, these regulatory requirements may be more stringent than in the United Sta
15	21-30	See Exhibits 31.1 and 31.2 filed with this report. This Item 9A includes information concerning the
15	21-30	Changes in fair value caused by changes in time value of option contracts designated as cash flow he
15	21-30,31-50	The Company estimates fair value by obtaining market appraisals from third party brokers or using ot
15	21-30	Environmental Costs — Environmental costs are recorded when it is probable Xcel Energy is liable for
15	21-30	Purchases are made from time to time, as conditions warrant, in the open market or in block purchase
15	21-30,51-75,76-100	The estimates for loss severity are primarily based on collateral type and coverage levels and the s
15	21-30	Property and Equipment, Net  Property and equipment are stated at cost. Depreciation and amortizatio
15	21-30	For diversification, a small portion of U.S. plan assets is allocated to private equity partnerships
15	21-30	In addition, certain solar PPAs provide an option to purchase emission allowances or sharing provisi
15	21-30	As a result of these factors, fluctuations in aging from period to period do not necessarily indicat
15	21-30	The grading criteria and classifications for the fixed-term products differ from those for the revol
15	21-30	Sales and Value Added Taxes  Taxes collected from customers and remitted to governmental authorities
15	21-30	REITs will generally not be liable for U.S. federal corporate income taxes as long as they distribut
15	21-30,76-100	Stock-Based Compensation — The Company measures stock-based compensation expense for all share-based
15	21-30	In addition, we may be required to incur additional costs in connection with future regulation of de
15	21-30	Dividends are solely to be paid from retained earnings. Certain covenants also require Xcel Energy I
15	21-30	Promised goods and services are explicitly identified in the Company's contracts and may be sold on
15	21-30	Benefit Plans and Other Postretirement Benefits  Pension and Postretirement Health Care Benefits  Xc
15	21-30	Quarterly warranty consumption is generally associated with sales that occurred during the preceding
15	21-30,51-75	We incur costs to comply with the disclosure requirements of this law and other costs relating to th
15	21-30	Depreciation expense, expressed as a percentage of average depreciable property, was approximately 3
15	21-30,31-50	The complaint seeks relief under the California Labor Code, including civil penalties and attorneys'
15	21-30,76-100	Property, Plant and Equipment  Property, plant and equipment is stated at cost. Depreciation is prov
15	21-30	Collectability is assessed based on the customer's creditworthiness determined by reviewing the cust
15	21-30	The annual costs of the plans are determined using the projected unit credit actuarial cost method t
15	21-30	The aggregate amount of the transaction price allocated to remaining performance obligations does no
15	21-30	Derivative transactions involve the risk that counterparties may be unable to satisfy their obligati
15	21-30	The Company's estimates are updated quarterly based on historical experience, trend analysis, and ex
15	21-30	Because of the uncertain nature of the indemnities, the maximum liability cannot be quantified. As s
15	21-30	The expected cost is based on the portion of the awards that is probable to vest and is reflected ov
15	21-30,31-50	Revenue Recognition  Emerson is a global manufacturer that designs and manufactures products and del
15	21-30,31-50	The plan allows participants to make wage deferral contributions, a portion of which the Company mat
15	21-30	Payment Terms. Payment terms vary by contract. Generally, the majority of payments are due within a
15	21-30	In the Other class, interests in mixed asset funds are Level 2, and U.S. life insurance contracts an
15	21-30	Benefits under these plans are typically based on years of service and final average compensation le
15	21-30	If the performance goals are not met as of the end of the performance period, no compensation expens
15	21-30,31-50	The Company believes the goodwill balance associated with this business combination represents the s
15	21-30	The Company does not evaluate whether the transaction price includes a significant financing compone
15	21-30	All newly hired or rehired employees participate under the Cash Balance formula, which is based on p
15	21-30	Fair Value Hierarchy Categories  Valuations of Level 1 assets for all classes are based on quoted cl
15	21-30	In certain ancillary businesses, revenue is deferred until the member picks up merchandise at the wa
15	21-30	The risk of loss associated with forward contracts is equal to the exchange rate differential from t
15	21-30	Revenue from service agreements is recognized over time, typically within 12 months, as customers re
15	21-30	The liability awards have been historically dependent on relative TSR measured over a three-year per
15	21-30,51-75	Fixed-term leases and loans are offered to qualified small and medium-sized businesses, large commer
15	21-30,31-50,51-75	We have not experienced any work stoppages, and we consider our relations with our employees to be g
15	21-30,31-50,51-75,76-100	The cash flows from these contracts are reported as operating activities in the Consolidated Stateme
15	21-30	The discount rate used to calculate present value is the Company's incremental borrowing rate based
15	21-30	Cash and Cash Equivalents — Xcel Energy considers investments in instruments with a remaining maturi
15	21-30	The liability is generally increased over time by applying the effective interest method of accretio
15	21-30	The lease term is defined as the noncancelable period of the lease plus any options to extend when i
15	21-30	The Company accrues a liability when it believes that it is both probable that a liability has been
15	21-30	The fund contains cash equivalents, debt securities, equity securities and other investments. NSP-Mi
15	21-30	"ITEM 14 - PRINCIPAL ACCOUNTANT FEES AND SERVICES  Information appearing under ""Board and Committee O"
15	21-30,51-75	Commodity Trading Operations — All applicable gains and losses related to commodity trading activiti
15	21-30,51-75	The principal items that gave rise to deferred income tax assets and liabilities follow:  Total inco
15	21-30,31-50	These operations are generally included in one of our geographic operating segments or our Global Ve
15	21-30	Cash Equivalents  Cash equivalents consist of highly liquid investments with original maturities of
15	21-30,31-50	The expected dividend yield is zero as the Company does not expect to pay dividends in the near futu
15	21-30,51-75	With respect to major U.S. state and foreign taxing jurisdictions, the Company is generally not subj
15	21-30	"See ""Part I — Item 1 — Business — Information about our Executive Officers"" for more information abo"
15	21-30,31-50	Judgment is used in determining the customer's ability and intent to pay, which is based upon variou
15	21-30,31-50	Maximum assessments are subject to inflation adjustments. NSP-Minnesota purchases insurance for prop
15	31-50	The Company believes that a material loss in these matters is not probable and that it is not reason
15	31-50	The nonqualified pension plan provides benefits for compensation that is in excess of the limits app
15	31-50	Also included in regulated operations are WGI, an interstate natural gas pipeline company, and WYCO,
15	31-50	Xcel Energy Inc. eliminates 50% of the finance lease obligation related to WYCO in the consolidated
15	31-50	These provisions are reviewed at least quarterly and adjusted to reflect the impacts of negotiations
15	31-50	The timing of the resolution of income tax examinations, as well as the amounts and timing of variou
15	31-50	Due to restrictions on the distribution of these funds, they are classified as restricted cash equiv
15	31-50	Nuclear Refueling Outage Costs — Xcel Energy uses a deferral and amortization method for nuclear ref
15	31-50	Additional cash funding requirements are prescribed by certain state and federal rate regulatory aut
15	31-50	The Company periodically reviews these deferred costs to determine whether events or changes in circ
15	31-50,76-100	The Company does not use derivatives for speculative purposes. All derivative instruments are recogn
15	31-50	Certain unrecognized actuarial gains and losses and unrecognized prior service costs or credits are
15	31-50	Obligations under these agreements may be limited in terms of duration or amount. Maximum future pay
15	31-50	Issuance of securities by Xcel Energy Inc. is not generally subject to regulatory approval. However,
15	31-50	The approach for bonds emphasizes investment-grade corporate and government debt with maturities mat
15	31-50,51-75	State agencies also have issued guidelines to the funding of postretirement benefit costs. SPS is re
15	31-50	Customer acceptance is satisfied if acceptance is obtained from the customer, if all acceptance prov
15	31-50,76-100	The Company also has deferred revenue related to undelivered hardware and professional services, con
15	31-50	The Company assesses collectibility by pooling receivables where similar characteristics exist and e
15	31-50,51-75	The Company also leases certain global logistics warehouses, employee vehicles, and equipment. As of
15	31-50	If the consideration promised in a contract includes a variable amount, the Company estimates the am
15	31-50,51-75	The preparation of the Consolidated Financial Statements in conformity with accounting principles ge
15	31-50,51-75	An accrual for a potential litigation loss is established when information related to the loss conti
15	31-50	Debt premiums, discounts and expenses are amortized over the life of the related debt. The premiums,
15	31-50	This website address is intended to be an inactive, textual reference only. None of the materials on
15	31-50,51-75	Item 13:  Certain Relationships and Related Transactions, and Director Independence  The information
15	31-50	There were no significant concentrations of risk in any industry, index, or entity. Market volatilit
15	31-50	(b)PPA capacity payments are included in electric fuel and purchased power on the consolidated state
15	31-50	Demurrage represents charges assessed when freight cars are held by a customer beyond a specified pe
15	31-50,51-75	Significant additions or improvements extending asset lives are capitalized, while repairs and maint
15	31-50	Accordingly, counterparty balances are netted in the consolidated balance sheet and are reported in
15	31-50,51-75	These notes may only be redeemed before maturity, in whole but not in part, upon the occurrence of c
15	31-50	Postretirement Plans  The Company also sponsors unfunded postretirement benefit plans (primarily hea
15	31-50	Certain leases contain renewal options or options to terminate prior to lease expiration, which are
15	31-50	Property, Plant and Equipment and Depreciation in Regulated Operations — Property, plant and equipme
15	31-50	Use of Estimates — The preparation of financial statements in accordance with GAAP requires manageme
15	31-50	The duration of hedge positions is generally two years or less, except for the Company's net investm
15	31-50	Other Taxes  The Company is subject to multiple examinations for value added, sales-based, payroll,
15	31-50,51-75,76-100	Borrowings and Other Financing Instruments  Short-Term Borrowings  Short-Term Debt — Xcel Energy mee
15	31-50	The Company's fiscal year is the 52- or 53-week period ending on the Friday nearest January 31. The
15	31-50	For financial reporting purposes, NSP-Minnesota accounts for nuclear decommissioning as an ARO.Restr
